{
    "gasoline_low": {
        "VKT": 6400,
        "fuel_efficiency": 0.14329,
        "vehicle_cost": 1540.93,
        "labor_cost": 0,
        "fuel_cost": 0.014885393258426968,
        "maintenance_and_repair_cost": 0.00771875,
        "insurance_cost": 0.0021268057784911715,
        "fuel_fee_rate": 0.001292134831460674,
        "subsidy": 0.001171875
    },
    "gasoline_high": {
        "VKT": 6400,
        "fuel_efficiency": 0.22250000000000003,
        "vehicle_cost": 2279.29,
        "labor_cost": 0,
        "fuel_cost": 0.02592295345104334,
        "maintenance_and_repair_cost": 0.00771875,
        "insurance_cost": 0.0021268057784911715,
        "fuel_fee_rate": 0.0020064205457463887,
        "subsidy": 0.001171875
    },
    "electric_low": {
        "VKT": 6400,
        "fuel_efficiency": 0.036231884057971016,
        "vehicle_cost": 1926.16,
        "labor_cost": 0,
        "fuel_cost": 0.033693749999999995,
        "maintenance_and_repair_cost": 0.007952135,
        "insurance_cost": 0.0021268057784911715,
        "fuel_fee_rate": 0,
        "subsidy": 0.005859375
    },
    "electric_high": {
        "VKT": 6400,
        "fuel_efficiency": 0.038713929,
        "vehicle_cost": 3017.65,
        "labor_cost": 0,
        "fuel_cost": 0.04494375,
        "maintenance_and_repair_cost": 0.007952135,
        "insurance_cost": 0.0021268057784911715,
        "fuel_fee_rate": 0,
        "subsidy": 0.005859375
    }
}